classification,trades,total_pnl,avg_pnl,median_pnl,win_rate_%
Fear,61837,3357155.441642,54.2903996254993,0.0,42.08
Greed,50303,2150129.272951,42.74355948851957,0.0,38.48
Extreme Greed,39992,2715171.310673,67.89286133909282,0.0,46.49
Neutral,37686,1292920.67555,34.30771839807886,0.0,39.7
Extreme Fear,21400,739110.24849,34.53786207897196,0.0,37.06
